filename,title,source_url,direct_url,license,artist,description,sha256
commons_2793050_HongKongStationplatform1_20070922.jpg,File:HongKongStationplatform1 20070922.jpg,https://commons.wikimedia.org/wiki/File%3AHongKongStationplatform1_20070922.jpg,https://upload.wikimedia.org/wikipedia/commons/9/95/HongKongStationplatform1_20070922.jpg?utm_source=commons.wikimedia.org&utm_campaign=imageinfo&utm_content=thumbnail_unscaled,CC BY-SA 3.0,"<a href=""//commons.wikimedia.org/wiki/User:WiNG"" title=""User:WiNG"">WiNG</a>",HK MTR Hong Kong Station platform,4a125ca1176ed939ad18b4209d3f77aecd4f10a1370d42669613979e8050e68d
commons_5554713_Kingsland_Train_Station_Photos_II.jpg,File:Kingsland Train Station Photos II.jpg,https://commons.wikimedia.org/wiki/File%3AKingsland_Train_Station_Photos_II.jpg,https://upload.wikimedia.org/wikipedia/commons/7/7f/Kingsland_Train_Station_Photos_II.jpg?utm_source=commons.wikimedia.org&utm_campaign=imageinfo&utm_content=thumbnail_unscaled,Public domain,"<a href=""//commons.wikimedia.org/wiki/User:Ingolfson"" title=""User:Ingolfson"">Ingolfson</a>","<a href=""https://en.wikipedia.org/wiki/Kingsland_Train_Station"" class=""extiw"" title=""en:Kingsland Train Station"">Kingsland Train Station</a> in <a href=""https://en.wikipedia.org/wiki/Auckland_City"" class=""extiw"" title=""en:Auckland City"">Auckland City</a>, <a href=""https://en.wikipedia.org/wiki/New_Zealand"" class=""extiw"" title=""en:New Zealand"">New Zealand</a>. Looking eastwards from the pedestrian overbridge.",a852f77e78c9fc061d49d6c7f0b72459a2e309c2a7d664c107cbc5bfddf3efb0
commons_5554790_Kingsland_Train_Station_Photos_I.jpg,File:Kingsland Train Station Photos I.jpg,https://commons.wikimedia.org/wiki/File%3AKingsland_Train_Station_Photos_I.jpg,https://upload.wikimedia.org/wikipedia/commons/9/98/Kingsland_Train_Station_Photos_I.jpg?utm_source=commons.wikimedia.org&utm_campaign=imageinfo&utm_content=thumbnail_unscaled,Public domain,"<a href=""//commons.wikimedia.org/wiki/User:Ingolfson"" title=""User:Ingolfson"">Ingolfson</a>","<a href=""https://en.wikipedia.org/wiki/Kingsland_Train_Station"" class=""extiw"" title=""en:Kingsland Train Station"">Kingsland Train Station</a> in <a href=""https://en.wikipedia.org/wiki/Auckland_City"" class=""extiw"" title=""en:Auckland City"">Auckland City</a>, <a href=""https://en.wikipedia.org/wiki/New_Zealand"" class=""extiw"" title=""en:New Zealand"">New Zealand</a>. Looking eastward towards the pedestrian overbridge.",742e286d394292b2f0a8a5ef6656417523f38606068a8c12a03bd1331f51af4c
commons_5577600_DC4444atNewLynn.jpg,File:DC4444atNewLynn.jpg,https://commons.wikimedia.org/wiki/File%3ADC4444atNewLynn.jpg,https://upload.wikimedia.org/wikipedia/commons/6/6c/DC4444atNewLynn.jpg?utm_source=commons.wikimedia.org&utm_campaign=imageinfo&utm_content=thumbnail_unscaled,CC BY-SA 3.0,"<a href=""//commons.wikimedia.org/w/index.php?title=User:C.R.Auckland&amp;action=edit&amp;redlink=1"" class=""new"" title=""User:C.R.Auckland (page does not exist)"">C.R.Auckland</a>","DC 4444 at the temporary New Lynn platform, heading east towards Auckland. Note the very non-standard large '4444' numbering.",e050b8af57c176a1857046dd6f6e5c366fc1d068b600ec68d6ca66b46a2d2bcf
commons_10004207_Grafton_station.jpg,File:Grafton station.jpg,https://commons.wikimedia.org/wiki/File%3AGrafton_station.jpg,https://upload.wikimedia.org/wikipedia/commons/9/96/Grafton_station.jpg?utm_source=commons.wikimedia.org&utm_campaign=imageinfo&utm_content=thumbnail_unscaled,CC BY-SA 3.0,"<a href=""//commons.wikimedia.org/wiki/User:Pcuser42"" title=""User:Pcuser42"">Pcuser42</a>",Overview of Grafton station,189cf1409c27465beb44bfecee939d04da3fd4c0a4786e56d8f6994113a0f0f1
commons_11548638_ADL_807_at_Onehunga.jpg,File:ADL 807 at Onehunga.JPG,https://commons.wikimedia.org/wiki/File%3AADL_807_at_Onehunga.JPG,https://thumb.wikimedia.org/wikipedia/commons/thumb/0/0e/ADL_807_at_Onehunga.JPG/1920px-ADL_807_at_Onehunga.JPG?utm_source=commons.wikimedia.org&utm_campaign=imageinfo&utm_content=thumbnail,CC BY 3.0,"<a href=""//commons.wikimedia.org/wiki/User:Pcuser42"" title=""User:Pcuser42"">Pcuser42</a>",ADL 807 at the new Onehunga railway station on the first day of services,352723a0ca5af937713a3a7661cd4c24a8138f5c8f03c57b85763f4cc81158e2
commons_12357929_Paris_-_Gare_de_l_Est_-_20101105_1.jpg,File:Paris - Gare de l'Est - 20101105 (1).jpg,https://commons.wikimedia.org/wiki/File%3AParis_-_Gare_de_l%27Est_-_20101105_%281%29.jpg,https://thumb.wikimedia.org/wikipedia/commons/thumb/4/49/Paris_-_Gare_de_l%27Est_-_20101105_%281%29.jpg/1920px-Paris_-_Gare_de_l%27Est_-_20101105_%281%29.jpg?utm_source=commons.wikimedia.org&utm_campaign=imageinfo&utm_content=thumbnail,CC BY-SA 3.0,"<a href=""//commons.wikimedia.org/wiki/User:Olybrius"" title=""User:Olybrius"">Olybrius</a>","<a href=""//commons.wikimedia.org/wiki/Tactile_paving"" class=""mw-redirect"" title=""Tactile paving"">Tactile paving</a> in a <a href=""//commons.wikimedia.org/wiki/Train_station"" class=""mw-redirect"" title=""Train station"">train station</a> (<a href=""//commons.wikimedia.org/wiki/Gare_de_Paris-Est"" title=""Gare de Paris-Est"">Gare de Paris-Est</a>, <a href=""//commons.wikimedia.org/wiki/Paris"" title=""Paris"">Paris</a>, France).",6cd609622bbc1ef9b38031586a211c6a711aaaa60b7cab7848018d31ac373021
commons_12811471_Grafton_Train_Station_Finally_Finished_I.jpg,"File:Grafton Train Station, Finally Finished I.jpg",https://commons.wikimedia.org/wiki/File%3AGrafton_Train_Station%2C_Finally_Finished_I.jpg,https://upload.wikimedia.org/wikipedia/commons/4/4c/Grafton_Train_Station%2C_Finally_Finished_I.jpg?utm_source=commons.wikimedia.org&utm_campaign=imageinfo&utm_content=thumbnail_unscaled,Public domain,"<a href=""//commons.wikimedia.org/wiki/User:Ingolfson"" title=""User:Ingolfson"">Ingolfson</a>","Looking eastwards at the new, finished <a href=""https://en.wikipedia.org/wiki/Grafton_Train_Station"" class=""extiw"" title=""en:Grafton Train Station"">Grafton Train Station</a> in <a href=""https://en.wikipedia.org/wiki/Auckland_City"" class=""extiw"" title=""en:Auckland City"">Auckland City</a>, <a href=""https://en.wikipedia.org/wiki/New_Zealand"" class=""extiw"" title=""en:New Zealand"">New Zealand</a>. Park Road Bridge in the distance.",bfd3bb8be9f5140c431d6d63a403761f54e5c9d3ee8b1bb0e9469a30ab120459
commons_14571980_Middlemore_Train_Station_Platforms.jpg,File:Middlemore Train Station Platforms.jpg,https://commons.wikimedia.org/wiki/File%3AMiddlemore_Train_Station_Platforms.jpg,https://upload.wikimedia.org/wikipedia/commons/3/3f/Middlemore_Train_Station_Platforms.jpg?utm_source=commons.wikimedia.org&utm_campaign=imageinfo&utm_content=thumbnail_unscaled,Public domain,"<a href=""//commons.wikimedia.org/wiki/User:Ingolfson"" title=""User:Ingolfson"">Ingolfson</a>","Looking southeast from the <a href=""https://en.wikipedia.org/wiki/Middlemore_Train_Station"" class=""extiw"" title=""en:Middlemore Train Station"">Middlemore Train Station</a> in <a href=""https://en.wikipedia.org/wiki/Auckland"" class=""extiw"" title=""en:Auckland"">Auckland</a>, <a href=""https://en.wikipedia.org/wiki/New_Zealand"" class=""extiw"" title=""en:New Zealand"">New Zealand</a>. A part of <a href=""https://en.wikipedia.org/wiki/Middlemore_Hospital"" class=""extiw"" title=""en:Middlemore Hospital"">Middlemore Hospital</a> is visible to the left.",3af52987c95ffb14f9109662f23cec710eb19bd5644032f506f5fca6bffe9484
commons_14572036_Middlemore_Train_Station_Shelters.jpg,File:Middlemore Train Station Shelters.jpg,https://commons.wikimedia.org/wiki/File%3AMiddlemore_Train_Station_Shelters.jpg,https://upload.wikimedia.org/wikipedia/commons/3/31/Middlemore_Train_Station_Shelters.jpg?utm_source=commons.wikimedia.org&utm_campaign=imageinfo&utm_content=thumbnail_unscaled,Public domain,"<a href=""//commons.wikimedia.org/wiki/User:Ingolfson"" title=""User:Ingolfson"">Ingolfson</a>","Looking northwest at the <a href=""https://en.wikipedia.org/wiki/Middlemore_Train_Station"" class=""extiw"" title=""en:Middlemore Train Station"">Middlemore Train Station</a> in <a href=""https://en.wikipedia.org/wiki/Auckland"" class=""extiw"" title=""en:Auckland"">Auckland</a>, <a href=""https://en.wikipedia.org/wiki/New_Zealand"" class=""extiw"" title=""en:New Zealand"">New Zealand</a>.",fcbc2aa6bc607e44a85fa664e475db4a79a251b4d8d1674f1d904af230b7413d
commons_14703064_Newmarket_Train_Station_Is_Finished_II.jpg,File:Newmarket Train Station Is Finished II.jpg,https://commons.wikimedia.org/wiki/File%3ANewmarket_Train_Station_Is_Finished_II.jpg,https://upload.wikimedia.org/wikipedia/commons/a/aa/Newmarket_Train_Station_Is_Finished_II.jpg?utm_source=commons.wikimedia.org&utm_campaign=imageinfo&utm_content=thumbnail_unscaled,Public domain,"<a href=""//commons.wikimedia.org/wiki/User:Ingolfson"" title=""User:Ingolfson"">Ingolfson</a>","Looking down onto the platforms at <a href=""https://en.wikipedia.org/wiki/Newmarket_Train_Station,_New_Zealand"" class=""extiw"" title=""en:Newmarket Train Station, New Zealand"">Newmarket Train Station</a> in <a href=""https://en.wikipedia.org/wiki/Auckland"" class=""extiw"" title=""en:Auckland"">Auckland</a>, <a href=""https://en.wikipedia.org/wiki/New_Zealand"" class=""extiw"" title=""en:New Zealand"">New Zealand</a>. Looking northwest from the eastern pedestrian access ramp.",f38db5271db6c0a9af56b6e701b8794d26ce26d7b40548e2d2af1feb5be48da6
commons_14874418_Panmure_Train_Station_Trenching.jpg,File:Panmure Train Station Trenching.jpg,https://commons.wikimedia.org/wiki/File%3APanmure_Train_Station_Trenching.jpg,https://upload.wikimedia.org/wikipedia/commons/8/8c/Panmure_Train_Station_Trenching.jpg?utm_source=commons.wikimedia.org&utm_campaign=imageinfo&utm_content=thumbnail_unscaled,Public domain,"<a href=""//commons.wikimedia.org/wiki/User:Ingolfson"" title=""User:Ingolfson"">Ingolfson</a>","<a href=""https://en.wikipedia.org/wiki/Panmure_Train_Station"" class=""extiw"" title=""en:Panmure Train Station"">Panmure Train Station</a> in <a href=""https://en.wikipedia.org/wiki/Auckland"" class=""extiw"" title=""en:Auckland"">Auckland</a>, <a href=""https://en.wikipedia.org/wiki/New_Zealand"" class=""extiw"" title=""en:New Zealand"">New Zealand</a>. Looking north into the trench.",aa8876af47c1b0ced4541b58ed25ce098c7cad259192801f002b009fd4ef8ce3
commons_15282574_Cityrail_Tactile_Platform_Line.jpg,File:Cityrail Tactile Platform Line.jpg,https://commons.wikimedia.org/wiki/File%3ACityrail_Tactile_Platform_Line.jpg,https://thumb.wikimedia.org/wikipedia/commons/thumb/e/e6/Cityrail_Tactile_Platform_Line.jpg/1920px-Cityrail_Tactile_Platform_Line.jpg?utm_source=commons.wikimedia.org&utm_campaign=imageinfo&utm_content=thumbnail,CC BY-SA 3.0,"<a href=""//commons.wikimedia.org/w/index.php?title=User:Loyalcityrailcustomer&amp;action=edit&amp;redlink=1"" class=""new"" title=""User:Loyalcityrailcustomer (page does not exist)"">Loyalcityrailcustomer</a>",tactile yellow line,229c484660165220b25747206ca7546dcd241862cc7be29c6affcdbd0cef645f
commons_17952932_KiwiRail_Locomotive_At_Britomart.jpg,File:KiwiRail Locomotive At Britomart.jpg,https://commons.wikimedia.org/wiki/File%3AKiwiRail_Locomotive_At_Britomart.jpg,https://upload.wikimedia.org/wikipedia/commons/f/fd/KiwiRail_Locomotive_At_Britomart.jpg?utm_source=commons.wikimedia.org&utm_campaign=imageinfo&utm_content=thumbnail_unscaled,Public domain,"<a href=""//commons.wikimedia.org/wiki/User:Ingolfson"" title=""User:Ingolfson"">Ingolfson</a>","Looking westwards along the northernmost platform in <a href=""https://en.wikipedia.org/wiki/Britomart_Transport_Centre"" class=""extiw"" title=""en:Britomart Transport Centre"">Britomart</a>, <a href=""https://en.wikipedia.org/wiki/Auckland"" class=""extiw"" title=""en:Auckland"">Auckland</a>, <a href=""https://en.wikipedia.org/wiki/New_Zealand"" class=""extiw"" title=""en:New Zealand"">New Zealand</a>.",abf4561bbea4d8a941102c2c5e8a570711755266d6d6a0e9f8f36f2a6e1bc4c5
commons_19170842_Manukau_Station.jpg,File:Manukau Station.jpg,https://commons.wikimedia.org/wiki/File%3AManukau_Station.jpg,https://upload.wikimedia.org/wikipedia/commons/1/16/Manukau_Station.jpg?utm_source=commons.wikimedia.org&utm_campaign=imageinfo&utm_content=thumbnail_unscaled,CC BY-SA 3.0,"<a href=""//commons.wikimedia.org/wiki/User:Pcuser42"" title=""User:Pcuser42"">Pcuser42</a>",The west end of Manukau Station during a community open day on 14 April,c24586e70d1082b74977526b0b976108ab8366307663e8f5f048fc5cb9350332
commons_19822898_Paris_Est_caddie_sur_un_quai.jpg,"File:Paris Est, caddie sur un quai.jpg",https://commons.wikimedia.org/wiki/File%3AParis_Est%2C_caddie_sur_un_quai.jpg,https://thumb.wikimedia.org/wikipedia/commons/thumb/a/a9/Paris_Est%2C_caddie_sur_un_quai.jpg/1920px-Paris_Est%2C_caddie_sur_un_quai.jpg?utm_source=commons.wikimedia.org&utm_campaign=imageinfo&utm_content=thumbnail,CC BY-SA 3.0,"<p><a href=""//commons.wikimedia.org/wiki/User:Coyau"" title=""User:Coyau"">Coyau</a>
</p>",Caddie luggage cart on the platform of Gare de Paris-Est.,904eee0ebb9959264fce6f288be06214604f773f952680441ed621b885e95842
commons_20765001_Platform_end_marker.jpg,File:Platform end marker.jpg,https://commons.wikimedia.org/wiki/File%3APlatform_end_marker.jpg,https://upload.wikimedia.org/wikipedia/commons/5/5f/Platform_end_marker.jpg?utm_source=commons.wikimedia.org&utm_campaign=imageinfo&utm_content=thumbnail_unscaled,CC BY-SA 3.0,"No machine-readable author provided. <a href=""//commons.wikimedia.org/w/index.php?title=User:Ichitaro&amp;action=edit&amp;redlink=1"" class=""new"" title=""User:Ichitaro (page does not exist)"">Ichitaro</a> assumed (based on copyright claims).",,57f1e87bba3b1a8e2a9e1e00ab8be4b411ee5afd260467a5ecd25fe6fc2fde41
commons_21583331_Est_Ing_Castello_Anden.jpg,File:Est. Ing Castello Anden.jpg,https://commons.wikimedia.org/wiki/File%3AEst._Ing_Castello_Anden.jpg,https://thumb.wikimedia.org/wikipedia/commons/thumb/2/20/Est._Ing_Castello_Anden.jpg/1920px-Est._Ing_Castello_Anden.jpg?utm_source=commons.wikimedia.org&utm_campaign=imageinfo&utm_content=thumbnail,CC BY-SA 3.0,"<a href=""//commons.wikimedia.org/w/index.php?title=User:Chryslerark&amp;action=edit&amp;redlink=1"" class=""new"" title=""User:Chryslerark (page does not exist)"">Leonardo Meza</a>",Andenes,49bdca6539d137006903ac858c40014a8ffa23531652ee525498e52009423627
commons_23215780_Arden_-_Del_Paso_4043_02.jpg,File:Arden - Del Paso 4043 02.JPG,https://commons.wikimedia.org/wiki/File%3AArden_-_Del_Paso_4043_02.JPG,https://thumb.wikimedia.org/wikipedia/commons/thumb/6/65/Arden_-_Del_Paso_4043_02.JPG/1920px-Arden_-_Del_Paso_4043_02.JPG?utm_source=commons.wikimedia.org&utm_campaign=imageinfo&utm_content=thumbnail,CC0,"<a href=""//commons.wikimedia.org/wiki/User:Pedro_Xing"" title=""User:Pedro Xing"">Pedro Xing</a>","The <a href=""https://en.wikipedia.org/wiki/Arden_/_Del_Paso"" class=""extiw"" title=""w:Arden / Del Paso"">Arden / Del Paso</a> light rail station in Sacramento, California, USA.",2fae9b34c081d079ecf600f9de89366b9a821758c1cd43f88d2c12997c97b2c4
commons_28917160_PieveemanueleFS_4.jpg,File:PieveemanueleFS 4.jpg,https://commons.wikimedia.org/wiki/File%3APieveemanueleFS_4.jpg,https://upload.wikimedia.org/wikipedia/commons/3/3b/PieveemanueleFS_4.jpg?utm_source=commons.wikimedia.org&utm_campaign=imageinfo&utm_content=thumbnail_unscaled,CC BY-SA 3.0,"<a href=""//commons.wikimedia.org/w/index.php?title=User:DeCampo94&amp;action=edit&amp;redlink=1"" class=""new"" title=""User:DeCampo94 (page does not exist)"">DeCampo94</a>",Ingresso con scivolo e scale,a9afeffb7bf2ac445f93e728950230a6957ba500f4a213346995a82323bac7a0
