sample_id,source_path,dataset_role,prediction_tactile_present,prediction_mask_coverage,ground_truth_tactile_present,ground_truth_mask_path,review_status,notes
images (1).jpg,data\samples\images (1).jpg,test_only,1,0.021663411458333334,1,data\ground_truth\masks\images (1)_jpg.png,reviewed,AI-assisted visual annotation; provisional human QA recommended
images (2).jpg,data\samples\images (2).jpg,test_only,0,0.0,0,data\ground_truth\masks\images (2)_jpg.png,reviewed,AI-assisted visual annotation; provisional human QA recommended
images (3).jpg,data\samples\images (3).jpg,test_only,0,0.0,1,data\ground_truth\masks\images (3)_jpg.png,reviewed,AI-assisted visual annotation; provisional human QA recommended
images (4).jpg,data\samples\images (4).jpg,test_only,0,0.0,1,data\ground_truth\masks\images (4)_jpg.png,reviewed,AI-assisted visual annotation; provisional human QA recommended
images.jpg,data\samples\images.jpg,test_only,1,0.0219482421875,1,data\ground_truth\masks\images_jpg.png,reviewed,AI-assisted visual annotation; provisional human QA recommended
jakarta-indonesia-may-142025-commuter-260nw-2627152495.webp,data\samples\jakarta-indonesia-may-142025-commuter-260nw-2627152495.webp,test_only,1,0.04146205357142857,1,data\ground_truth\masks\jakarta-indonesia-may-142025-commuter-260nw-2627152495_webp.png,reviewed,AI-assisted visual annotation; provisional human QA recommended
livery-bernuansa-merah-putih-menghiasi-rangkaian-ka-yang-melayani-perjalanan-di-wilayah-kai-daop-8-surabaya-dalam-rangka-semarak-hut-ke-81-kemerdekaan-ri-2026-kai-QtAkk.webp,data\samples\livery-bernuansa-merah-putih-menghiasi-rangkaian-ka-yang-melayani-perjalanan-di-wilayah-kai-daop-8-surabaya-dalam-rangka-semarak-hut-ke-81-kemerdekaan-ri-2026-kai-QtAkk.webp,test_only,1,0.0298828125,1,data\ground_truth\masks\livery-bernuansa-merah-putih-menghiasi-rangkaian-ka-yang-melayani-perjalanan-di-wilayah-kai-daop-8-surabaya-dalam-rangka-semarak-hut-ke-81-kemerdekaan-ri-2026-kai-QtAkk_webp.png,reviewed,AI-assisted visual annotation; provisional human QA recommended
stasiun-jaksel.webp,data\samples\stasiun-jaksel.webp,test_only,1,0.022265625,1,data\ground_truth\masks\stasiun-jaksel_webp.png,reviewed,AI-assisted visual annotation; provisional human QA recommended
stasiun_tanah_abang_-_bisniscom_dwi_rachmawati_1712569176.webp,data\samples\stasiun_tanah_abang_-_bisniscom_dwi_rachmawati_1712569176.webp,test_only,1,0.02490234375,1,data\ground_truth\masks\stasiun_tanah_abang_-_bisniscom_dwi_rachmawati_1712569176_webp.png,reviewed,AI-assisted visual annotation; provisional human QA recommended
sudut-stasiun-bandung.jpg,data\samples\sudut-stasiun-bandung.jpg,test_only,1,0.01612548828125,0,data\ground_truth\masks\sudut-stasiun-bandung_jpg.png,reviewed,AI-assisted visual annotation; provisional human QA recommended
