sample_id,source_sha256,annotation_sha256,review_status,reviewer,reviewed_at,notes
189cf1409c27465beb44bfecee939d04da3fd4c0a4786e56d8f6994113a0f0f1,189cf1409c27465beb44bfecee939d04da3fd4c0a4786e56d8f6994113a0f0f1,53f8fe543971be21403a52f49e36c2349543ac2274c05dfe426c9607bacaca49,human_reviewed,Riyadh,2026-09-09T11:38:19+07:00,Reviewed and corrected in LabelMe; trolley photo excluded.
229c484660165220b25747206ca7546dcd241862cc7be29c6affcdbd0cef645f,229c484660165220b25747206ca7546dcd241862cc7be29c6affcdbd0cef645f,31c0408aaba255c1bc8a566d086fe52fbaf9be5d208cb94382b123c06ce9c08e,human_reviewed,Riyadh,2026-09-09T11:38:19+07:00,Reviewed and corrected in LabelMe; trolley photo excluded.
2fae9b34c081d079ecf600f9de89366b9a821758c1cd43f88d2c12997c97b2c4,2fae9b34c081d079ecf600f9de89366b9a821758c1cd43f88d2c12997c97b2c4,5a11ebd9bf2622c03f36b12aa3d5c0f28f1f3df4d0973a0f3e26cbc004dc9e46,human_reviewed,Riyadh,2026-09-09T11:38:19+07:00,Reviewed and corrected in LabelMe; trolley photo excluded.
352723a0ca5af937713a3a7661cd4c24a8138f5c8f03c57b85763f4cc81158e2,352723a0ca5af937713a3a7661cd4c24a8138f5c8f03c57b85763f4cc81158e2,b2957ead3703ddc9147b2f1177e9d7c99f0ef33b7428e0c32e47f776d95f4383,human_reviewed,Riyadh,2026-09-09T11:38:19+07:00,Reviewed and corrected in LabelMe; trolley photo excluded.
3af52987c95ffb14f9109662f23cec710eb19bd5644032f506f5fca6bffe9484,3af52987c95ffb14f9109662f23cec710eb19bd5644032f506f5fca6bffe9484,2ea657c95ee4fb14d4a5e47a9879624aa6388157755fb2a71e7ed2ab661f901b,human_reviewed,Riyadh,2026-09-09T11:38:19+07:00,Reviewed and corrected in LabelMe; trolley photo excluded.
49bdca6539d137006903ac858c40014a8ffa23531652ee525498e52009423627,49bdca6539d137006903ac858c40014a8ffa23531652ee525498e52009423627,df3f15d7745c8ada81fc15d441e1bb6528a46570edbf0cfc057c942605796c79,human_reviewed,Riyadh,2026-09-09T11:38:19+07:00,Reviewed and corrected in LabelMe; trolley photo excluded.
4a125ca1176ed939ad18b4209d3f77aecd4f10a1370d42669613979e8050e68d,4a125ca1176ed939ad18b4209d3f77aecd4f10a1370d42669613979e8050e68d,90901c3573fc12361252039f1e5c7845ba475d172630fcbf3f1a849b70ff7ddf,human_reviewed,Riyadh,2026-09-09T11:38:19+07:00,Reviewed and corrected in LabelMe; trolley photo excluded.
57f1e87bba3b1a8e2a9e1e00ab8be4b411ee5afd260467a5ecd25fe6fc2fde41,57f1e87bba3b1a8e2a9e1e00ab8be4b411ee5afd260467a5ecd25fe6fc2fde41,983c72fcf2174956ec6d81b776cec7b918467a88c8a7c90669cce5dfdfd5731e,human_reviewed,Riyadh,2026-09-09T11:38:19+07:00,Reviewed and corrected in LabelMe; trolley photo excluded.
6cd609622bbc1ef9b38031586a211c6a711aaaa60b7cab7848018d31ac373021,6cd609622bbc1ef9b38031586a211c6a711aaaa60b7cab7848018d31ac373021,31747af6bef1e928dec8c2b697cb8f5d85b401d1c30c8df9fd49c38718a88c78,human_reviewed,Riyadh,2026-09-09T11:38:19+07:00,Reviewed and corrected in LabelMe; trolley photo excluded.
742e286d394292b2f0a8a5ef6656417523f38606068a8c12a03bd1331f51af4c,742e286d394292b2f0a8a5ef6656417523f38606068a8c12a03bd1331f51af4c,1065da1bf75ad1f157b11d54539f041b610a87faaf01ad078f7b81f9d70c15d5,human_reviewed,Riyadh,2026-09-09T11:38:19+07:00,Reviewed and corrected in LabelMe; trolley photo excluded.
a852f77e78c9fc061d49d6c7f0b72459a2e309c2a7d664c107cbc5bfddf3efb0,a852f77e78c9fc061d49d6c7f0b72459a2e309c2a7d664c107cbc5bfddf3efb0,1052811b35bb6622996d9134a08e2d8f3d9dd8cb541ecf33a7b03ec031b60c63,human_reviewed,Riyadh,2026-09-09T11:38:19+07:00,Reviewed and corrected in LabelMe; trolley photo excluded.
a9afeffb7bf2ac445f93e728950230a6957ba500f4a213346995a82323bac7a0,a9afeffb7bf2ac445f93e728950230a6957ba500f4a213346995a82323bac7a0,eddd26eeb0a3225305c82b6dba18776036ae6a8ece92e5386b003995bf772d7a,human_reviewed,Riyadh,2026-09-09T11:38:19+07:00,Reviewed and corrected in LabelMe; trolley photo excluded.
aa8876af47c1b0ced4541b58ed25ce098c7cad259192801f002b009fd4ef8ce3,aa8876af47c1b0ced4541b58ed25ce098c7cad259192801f002b009fd4ef8ce3,c79a705808f5dd5479f4fd6c759b873412725c4c3c761e21f77f12dd4197825c,human_reviewed,Riyadh,2026-09-09T11:38:19+07:00,Reviewed and corrected in LabelMe; trolley photo excluded.
abf4561bbea4d8a941102c2c5e8a570711755266d6d6a0e9f8f36f2a6e1bc4c5,abf4561bbea4d8a941102c2c5e8a570711755266d6d6a0e9f8f36f2a6e1bc4c5,db24a0b4ddd7c44e963b00721fe257a98549cdaf6024b0e890d4df0647b86bef,human_reviewed,Riyadh,2026-09-09T11:38:19+07:00,Reviewed and corrected in LabelMe; trolley photo excluded.
bfd3bb8be9f5140c431d6d63a403761f54e5c9d3ee8b1bb0e9469a30ab120459,bfd3bb8be9f5140c431d6d63a403761f54e5c9d3ee8b1bb0e9469a30ab120459,1b564777817d16ffc951586ba9d435b3d7ed6b39e2400571bb9f0bdfb0105dd6,human_reviewed,Riyadh,2026-09-09T11:38:19+07:00,Reviewed and corrected in LabelMe; trolley photo excluded.
c24586e70d1082b74977526b0b976108ab8366307663e8f5f048fc5cb9350332,c24586e70d1082b74977526b0b976108ab8366307663e8f5f048fc5cb9350332,2c1fc6e88f45a69170bbe9f6649d9c1e043cd353a0cab0b83278ca5ba5857e29,human_reviewed,Riyadh,2026-09-09T11:38:19+07:00,Reviewed and corrected in LabelMe; trolley photo excluded.
e050b8af57c176a1857046dd6f6e5c366fc1d068b600ec68d6ca66b46a2d2bcf,e050b8af57c176a1857046dd6f6e5c366fc1d068b600ec68d6ca66b46a2d2bcf,4ed1cb06256c5933b7874a0b69c208210b90d6a3b8293e3a366965df240b88b1,human_reviewed,Riyadh,2026-09-09T11:38:19+07:00,Reviewed and corrected in LabelMe; trolley photo excluded.
f38db5271db6c0a9af56b6e701b8794d26ce26d7b40548e2d2af1feb5be48da6,f38db5271db6c0a9af56b6e701b8794d26ce26d7b40548e2d2af1feb5be48da6,7faf2f621ce9480c508b27d49d80ae2c488f901b0af16005bf39a2bfb324c468,human_reviewed,Riyadh,2026-09-09T11:38:19+07:00,Reviewed and corrected in LabelMe; trolley photo excluded.
fcbc2aa6bc607e44a85fa664e475db4a79a251b4d8d1674f1d904af230b7413d,fcbc2aa6bc607e44a85fa664e475db4a79a251b4d8d1674f1d904af230b7413d,c48257da2e4ddf79753b0a1a9e6332589387a2a1b4f4a71028b8140f1242692a,human_reviewed,Riyadh,2026-09-09T11:38:19+07:00,Reviewed and corrected in LabelMe; trolley photo excluded.
