sample_id,source_path,source_sha256,dataset_role,prediction_tactile_present,prediction_mask_coverage,ground_truth_tactile_present,ground_truth_mask_path,ground_truth_mask_sha256,annotation_origin,annotation_id,review_status,reviewer,reviewed_at,notes
images (1).jpg,data\samples\images (1).jpg,6e67dae7feddd956b62e7661304716d2428e578045b00b5da8571f44f003bf2c,test_only,1,0.021663411458333334,1,data\ground_truth\masks\batches\labelme-review-20260907-v1\images (1)_jpg.png,a15a2d8a8ac9236a035851cc4da7855d93aa43b44486f2d3026b8468ccc6d862,ai_assisted,9e967a040b1c9026ce7c3300c82a6f552cd2de11be7b61146638fc970a4b4182,human_reviewed,Riyadh,2026-09-07T07:59:51.052870+00:00,Imported from Labelme; pending human review
images (2).jpg,data\samples\images (2).jpg,e1b84780011a136382d1b3d1f7a8ee12800322981b7ad30852901f8dd23b6f47,test_only,0,0.0,0,data\ground_truth\masks\batches\labelme-review-20260907-v1\images (2)_jpg.png,1156874c73c9159bc86092960e693b13a320eb386c855521c383b0b26f24b0ff,ai_assisted,279a5ac52276d311cde8a227168dab883bf6b6a7bf6a3c741c2595fe1639197a,human_reviewed,Riyadh,2026-09-07T07:59:51.052870+00:00,Imported from Labelme; pending human review
images (3).jpg,data\samples\images (3).jpg,885311125ddf800a3fb13dd000e4694d6ad5f70d4be772153c1a4d6f7e61fdc7,test_only,0,0.0,1,data\ground_truth\masks\batches\labelme-review-20260907-v1\images (3)_jpg.png,614bd60b7b5db8dfd0e97dfd496851210d5d8bd5a1e8cb370f3726892fe3b313,ai_assisted,07018f97e77544c79e933e2bd80ab45356003988c2c4f23f1bb6fd5a26feead1,human_reviewed,Riyadh,2026-09-07T07:59:51.052870+00:00,Imported from Labelme; pending human review
images (4).jpg,data\samples\images (4).jpg,2b9980a1d88ae2a7d30fa2ec096b8cdd25428b4ed3b62296708ebc45d93ef232,test_only,0,0.0,0,data\ground_truth\masks\batches\labelme-review-20260907-v1\images (4)_jpg.png,92c14b7ead785e9f974655170fbf02609afbafcf5695afb531ff20315bbaa383,ai_assisted,e4a81325b52282c91a8bd0782205630948fb3d15eb7a2f6e57dbffe5b3968b49,human_reviewed,Riyadh,2026-09-07T07:59:51.052870+00:00,Imported from Labelme; pending human review
images.jpg,data\samples\images.jpg,f2832bcd4534d293d95f9e3cf35026819d14130509133404198e9e5a2a5b325e,test_only,1,0.0219482421875,0,data\ground_truth\masks\batches\labelme-review-20260907-v1\images_jpg.png,02770e5aa38ace85a4472ebf1a429b7ff7d5fc4948d377e04d24a227d0d9d299,ai_assisted,403d2770bc57c71abbe8209a2629de2275f0f284cc25a1964829529a1ba028c1,human_reviewed,Riyadh,2026-09-07T07:59:51.052870+00:00,Imported from Labelme; pending human review
jakarta-indonesia-may-142025-commuter-260nw-2627152495.webp,data\samples\jakarta-indonesia-may-142025-commuter-260nw-2627152495.webp,e1c3f5cdc19233f2999155e6c9e5f9bc44cbbf9d4f998aa6c1cfe1d195ba0b16,test_only,1,0.04146205357142857,1,data\ground_truth\masks\batches\labelme-review-20260907-v1\jakarta-indonesia-may-142025-commuter-260nw-2627152495_webp.png,2a95b66388e454ab39b828999c7264340bcd11a712045f0c955d8101f49d9e25,ai_assisted,2e4d9c3239f6707e92ae50378bc2375b8a1ba1e7bab23b0fdb37547227075107,human_reviewed,Riyadh,2026-09-07T07:59:51.052870+00:00,Imported from Labelme; pending human review
livery-bernuansa-merah-putih-menghiasi-rangkaian-ka-yang-melayani-perjalanan-di-wilayah-kai-daop-8-surabaya-dalam-rangka-semarak-hut-ke-81-kemerdekaan-ri-2026-kai-QtAkk.webp,data\samples\livery-bernuansa-merah-putih-menghiasi-rangkaian-ka-yang-melayani-perjalanan-di-wilayah-kai-daop-8-surabaya-dalam-rangka-semarak-hut-ke-81-kemerdekaan-ri-2026-kai-QtAkk.webp,44b148487fec014ef1200546183a9ba9dbe0751bb679e91bb506ea2693162e9e,test_only,1,0.0298828125,1,data\ground_truth\masks\batches\labelme-review-20260907-v1\livery-bernuansa-merah-putih-menghiasi-rangkaian-ka-yang-melayani-perjalanan-di-wilayah-kai-daop-8-surabaya-dalam-rangka-semarak-hut-ke-81-kemerdekaan-ri-2026-kai-QtAkk_webp.png,10137647ad74030b02adab14442699970ed9b076a0719bdd9d03e2e853310888,ai_assisted,3a92423ff2969451275588d4d013f975d05ec22864a94a2f85bd30dde438360b,human_reviewed,Riyadh,2026-09-07T07:59:51.052870+00:00,Imported from Labelme; pending human review
Peron jalur satu Stasiun Catang pada April 2026.jpg,data\samples\Peron jalur satu Stasiun Catang pada April 2026.jpg,51e8b91261adccbf8c5812df325659ddbbfd971e799d8c869e17c87abaa12e0b,test_only,1,0.04038783482142857,0,data\ground_truth\masks\batches\labelme-review-20260907-v1\Peron jalur satu Stasiun Catang pada April 2026_jpg.png,563422edd5d661bc95af0640f14bea16e979e7b2d5c537ebeea68b8e606b90b4,ai_assisted,70fe83d0329bebd4822d3c6590a5eac5641195965f8e363ed51c539aaae82359,human_reviewed,Riyadh,2026-09-07T07:59:51.052870+00:00,Imported from Labelme; pending human review
Peron Stasiun ANgke.jpg,data\samples\Peron Stasiun ANgke.jpg,8f6281bd99020a5c834e1d02c10710efa116d3152f79969d37fdc01976db7b66,test_only,0,0.0,1,data\ground_truth\masks\batches\labelme-review-20260907-v1\Peron Stasiun ANgke_jpg.png,6a17607766769b36d08fc9fcc7bc906bd08952273aa1c4bb99d6b41becab7b09,ai_assisted,4a1c8cad38dfa0cfa0f99a278c1153909c6b08cd6f4ceab243b479e8db47ace2,human_reviewed,Riyadh,2026-09-07T07:59:51.052870+00:00,Imported from Labelme; pending human review
Peron Stasiun Pasar Minggu 2026.jpg,data\samples\Peron Stasiun Pasar Minggu 2026.jpg,ddbd834ef8c38cd2930fca466a647b4170a5d497bff8b14642897e4726924218,test_only,1,0.05225830078125,1,data\ground_truth\masks\batches\labelme-review-20260907-v1\Peron Stasiun Pasar Minggu 2026_jpg.png,0c0c707a9cedf82dc85ea71be2a12cc23fd0cc55e662a02a8a4425900f4dd8a1,ai_assisted,2bce749539fef288f4abd7d5a8798a9789199ee6dd91e649fb69e14f9836594e,human_reviewed,Riyadh,2026-09-07T07:59:51.052870+00:00,Imported from Labelme; pending human review
Pintu Gerbang Stasiun Lrt Rawamangun Februari 2026.png,data\samples\Pintu Gerbang Stasiun Lrt Rawamangun Februari 2026.png,3caa087efcbfaf6f9da473d0216412593fa511231b7aed905ef6b3a014422ac2,test_only,1,0.012099609375,1,data\ground_truth\masks\batches\labelme-review-20260907-v1\Pintu Gerbang Stasiun Lrt Rawamangun Februari 2026_png.png,5266714b4bf63d218f0dd7647255ceadec069c590a04ce709155721b9000e31c,ai_assisted,4e19240247478e843a2166758bc627b33958a31abc13e52f05911dc600dfecbb,human_reviewed,Riyadh,2026-09-07T07:59:51.052870+00:00,Imported from Labelme; pending human review
Stasiun Pakisaji 2026.jpg,data\samples\Stasiun Pakisaji 2026.jpg,4165ae51401fdc005f857d2e794ce769a4ef78646c5aa716e61d0a4d01f15ced,test_only,1,0.00526123046875,1,data\ground_truth\masks\batches\labelme-review-20260907-v1\Stasiun Pakisaji 2026_jpg.png,2e1b4fd907c015e05f185f69c525a8ff1df2c60416d3622b30be9f3c4419a701,ai_assisted,48ef5f26e94a1f795b958cd4e9863f0cb3db8aeb821adc7d47f2c1861f0bba50,human_reviewed,Riyadh,2026-09-07T07:59:51.052870+00:00,Imported from Labelme; pending human review
Stasiun Sumberpucung 2026.jpg,data\samples\Stasiun Sumberpucung 2026.jpg,917a26f0dbbe70a32fc2cd47cc02fe241ace11078fd88976ce786efdc04aedc0,test_only,0,0.0,0,data\ground_truth\masks\batches\labelme-review-20260907-v1\Stasiun Sumberpucung 2026_jpg.png,19d39ef6ff0bdb7940b446cec3a056e6111d9203389c47092d4e44d940757d75,ai_assisted,f12b39c05a5313d75f4bc7d844c352e4bde69b0d1fe01e07021dad28c9e0f378,human_reviewed,Riyadh,2026-09-07T07:59:51.052870+00:00,Imported from Labelme; pending human review
stasiun-jaksel.webp,data\samples\stasiun-jaksel.webp,57cfab952a7f472f632064b26baf49e957571cefed6cfcd01b1073172299c419,test_only,1,0.022265625,1,data\ground_truth\masks\batches\labelme-review-20260907-v1\stasiun-jaksel_webp.png,753e403ac36b4b64c42e09fcb9f34b39f93a48bb5671b0175c1364a067b77dcb,ai_assisted,0e888f8806e4e133b99465c1055df9a8d24ff7527936641b88e066b2cf56c321,human_reviewed,Riyadh,2026-09-07T07:59:51.052870+00:00,Imported from Labelme; pending human review
stasiun_tanah_abang_-_bisniscom_dwi_rachmawati_1712569176.webp,data\samples\stasiun_tanah_abang_-_bisniscom_dwi_rachmawati_1712569176.webp,a29fbbe94c5a5274a3ed16f617ffa8f7889dfc7fd355264e3a8aa9dc268d5664,test_only,1,0.02490234375,1,data\ground_truth\masks\batches\labelme-review-20260907-v1\stasiun_tanah_abang_-_bisniscom_dwi_rachmawati_1712569176_webp.png,b6188ecd9c439a2efd22483440e98f7b465b0a73621e5e534ff1f21a980587da,ai_assisted,da0d0c159bb95205acf2d471c4ef4e1806d09af09d25a4ece50874b11c972d1f,human_reviewed,Riyadh,2026-09-07T07:59:51.052870+00:00,Imported from Labelme; pending human review
sudut-stasiun-bandung.jpg,data\samples\sudut-stasiun-bandung.jpg,d78862120f35027bfc242ba1eca5b17c37dcac45e8491c58fb072b975622f169,test_only,1,0.01612548828125,0,data\ground_truth\masks\batches\labelme-review-20260907-v1\sudut-stasiun-bandung_jpg.png,1e659aeb65d3de73f92da3839f369f64a545674de2b8747c50b9b662ffd57984,ai_assisted,c89c1ac9604841f98665a36299917c31e5b4ff9139e9c82c3d43352cab37a7c9,human_reviewed,Riyadh,2026-09-07T07:59:51.052870+00:00,Imported from Labelme; pending human review
"Tampak dalam Stasiun Slawi, 2026.jpg","data\samples\Tampak dalam Stasiun Slawi, 2026.jpg",2c0af364014e90b4d2a13d12fb365f81ef156c6848e59e2d30090e66df46d1f5,test_only,1,0.0143798828125,1,"data\ground_truth\masks\batches\labelme-review-20260907-v1\Tampak dalam Stasiun Slawi, 2026_jpg.png",0822446ef391311f31add956790e6cf83d2acd60768f01ffa3d2b5b68f139767,ai_assisted,92caa6dfc84baf1912999254135c08ca79ad7dc4aabb8bd632627cb0e82018f9,human_reviewed,Riyadh,2026-09-07T07:59:51.052870+00:00,Imported from Labelme; pending human review
